id;f_name;m_name;l_name;user_name;user_id;dob;email_id;phone_no;no_of_photos;profile_pic;user_rating;no_of_contests_participated;no_of_contests_won
1;Dakota monitoring;SCSI Account;invoice Ergonomic;payment;88958;2021-11-11;user-centric;73862;41171;panel;26822;91093;78644
2;sensor overriding;Avon;e-enable mobile;black bandwidth;88381;2021-11-12;convergence Card;38319;65286;Open-architected Multi-tiered;69199;41748;68573
3;primary;Fresh Dynamic Configuration;Optimization copying Credit;Ways auxiliary 24/7;79420;2021-11-11;Incredible Loan;90397;37013;programming Facilitator workforce;16450;47542;43236
4;Creative;compress utilisation Vanuatu;tolerance;e-business;34457;2021-11-11;bypassing Manat;42734;16605;Integrated Ferry;91026;77357;70927
5;Ariary;partnerships withdrawal;Brand Executive application;tan Dynamic;68885;2021-11-11;Borders;49246;55728;niches monitor District;51787;22885;39616
6;Prairie Arizona efficient;Utah panel mesh;homogeneous Vision-oriented;methodologies embrace Chair;3473;2021-11-12;Chair compress;56068;59636;deposit;15967;48785;37515
7;Outdoors Digitized Cambridgeshire;azure salmon;Frozen card;Computers;74082;2021-11-11;connect Grass-roots auxiliary;24572;41393;black Djibouti markets;22938;34479;34045
8;Functionality;Cambridgeshire Concrete exploit;superstructure Dollar;responsive matrix Intelligent;58530;2021-11-11;generating Tenge empower;40384;35204;Programmable;31903;15526;51377
9;Kuwait deposit;Soft Orchard;recontextualize;mindshare experiences copying;95251;2021-11-11;transmitting Home;39025;2485;hierarchy scalable;38101;16884;90180
10;wireless matrix bandwidth-monitored;Senior overriding;Avon Granite Czech;Profit-focused Dynamic;67391;2021-11-11;Buckinghamshire Unbranded;17410;40964;Account mobile;75580;89830;73876
